country,city,scenario,scenario_label,time_slice,year_window,severity,weather_year,weather_stem,epw_path,mean_T_out,CDD18_hourly,max_T_out,hours_temp_ge_35,humidity_metric,selector,stage_smoke,stage_typical,stage_full
China,Beijing,ssp245,SSP2-4.5,baseline_2020s,2025-2029,typical,2026,beijing_ssp245_baseline_2020s_typical_2026,/Users/guo/Library/CloudStorage/OneDrive-TheUniversityOfHongKong/Drafts/HPH_Carbon_Entitlement/weather/cmip_selected_years/ssp245/Beijing/beijing_ssp245_baseline_2020s_typical_2026.epw,12.926611,22252.923701,34.029787,0,56.243318,nearest_median_CDD18_within_time_slice,False,True,True
China,Beijing,ssp245,SSP2-4.5,baseline_2020s,2025-2029,hot,2025,beijing_ssp245_baseline_2020s_hot_2025,/Users/guo/Library/CloudStorage/OneDrive-TheUniversityOfHongKong/Drafts/HPH_Carbon_Entitlement/weather/cmip_selected_years/ssp245/Beijing/beijing_ssp245_baseline_2020s_hot_2025.epw,13.942054,25156.848381,36.927585,43,56.184776,maximum_CDD18_within_time_slice,False,False,True
China,Beijing,ssp245,SSP2-4.5,baseline_2020s,2025-2029,heatwave_extreme,2025,beijing_ssp245_baseline_2020s_heatwave_extreme_2025,/Users/guo/Library/CloudStorage/OneDrive-TheUniversityOfHongKong/Drafts/HPH_Carbon_Entitlement/weather/cmip_selected_years/ssp245/Beijing/beijing_ssp245_baseline_2020s_heatwave_extreme_2025.epw,13.942054,25156.848381,36.927585,43,56.184776,maximum_hours_temp_ge_35_then_max_temp,False,False,True
China,Beijing,ssp245,SSP2-4.5,near_2030s,2030-2039,typical,2035,beijing_ssp245_near_2030s_typical_2035,/Users/guo/Library/CloudStorage/OneDrive-TheUniversityOfHongKong/Drafts/HPH_Carbon_Entitlement/weather/cmip_selected_years/ssp245/Beijing/beijing_ssp245_near_2030s_typical_2035.epw,12.562019,24892.614296,34.861485,0,56.236791,nearest_median_CDD18_within_time_slice,False,True,True
China,Beijing,ssp245,SSP2-4.5,near_2030s,2030-2039,hot,2034,beijing_ssp245_near_2030s_hot_2034,/Users/guo/Library/CloudStorage/OneDrive-TheUniversityOfHongKong/Drafts/HPH_Carbon_Entitlement/weather/cmip_selected_years/ssp245/Beijing/beijing_ssp245_near_2030s_hot_2034.epw,13.676108,25930.034675,35.467135,7,56.234342,maximum_CDD18_within_time_slice,False,False,True
China,Beijing,ssp245,SSP2-4.5,near_2030s,2030-2039,heatwave_extreme,2039,beijing_ssp245_near_2030s_heatwave_extreme_2039,/Users/guo/Library/CloudStorage/OneDrive-TheUniversityOfHongKong/Drafts/HPH_Carbon_Entitlement/weather/cmip_selected_years/ssp245/Beijing/beijing_ssp245_near_2030s_heatwave_extreme_2039.epw,12.716815,23705.363877,36.561024,8,56.254054,maximum_hours_temp_ge_35_then_max_temp,False,False,True
China,Beijing,ssp245,SSP2-4.5,mid_2050s,2050-2059,typical,2056,beijing_ssp245_mid_2050s_typical_2056,/Users/guo/Library/CloudStorage/OneDrive-TheUniversityOfHongKong/Drafts/HPH_Carbon_Entitlement/weather/cmip_selected_years/ssp245/Beijing/beijing_ssp245_mid_2050s_typical_2056.epw,13.836386,28629.57452,35.821441,16,56.203445,nearest_median_CDD18_within_time_slice,False,True,True
China,Beijing,ssp245,SSP2-4.5,mid_2050s,2050-2059,hot,2050,beijing_ssp245_mid_2050s_hot_2050,/Users/guo/Library/CloudStorage/OneDrive-TheUniversityOfHongKong/Drafts/HPH_Carbon_Entitlement/weather/cmip_selected_years/ssp245/Beijing/beijing_ssp245_mid_2050s_hot_2050.epw,15.911342,33146.445686,41.480051,161,56.245852,maximum_CDD18_within_time_slice,False,False,True
China,Beijing,ssp245,SSP2-4.5,mid_2050s,2050-2059,heatwave_extreme,2050,beijing_ssp245_mid_2050s_heatwave_extreme_2050,/Users/guo/Library/CloudStorage/OneDrive-TheUniversityOfHongKong/Drafts/HPH_Carbon_Entitlement/weather/cmip_selected_years/ssp245/Beijing/beijing_ssp245_mid_2050s_heatwave_extreme_2050.epw,15.911342,33146.445686,41.480051,161,56.245852,maximum_hours_temp_ge_35_then_max_temp,False,False,True
China,Beijing,ssp245,SSP2-4.5,late_2080s,2080-2089,typical,2083,beijing_ssp245_late_2080s_typical_2083,/Users/guo/Library/CloudStorage/OneDrive-TheUniversityOfHongKong/Drafts/HPH_Carbon_Entitlement/weather/cmip_selected_years/ssp245/Beijing/beijing_ssp245_late_2080s_typical_2083.epw,14.95623,32002.105599,38.462551,152,56.213789,nearest_median_CDD18_within_time_slice,False,True,True
China,Beijing,ssp245,SSP2-4.5,late_2080s,2080-2089,hot,2084,beijing_ssp245_late_2080s_hot_2084,/Users/guo/Library/CloudStorage/OneDrive-TheUniversityOfHongKong/Drafts/HPH_Carbon_Entitlement/weather/cmip_selected_years/ssp245/Beijing/beijing_ssp245_late_2080s_hot_2084.epw,16.177915,35390.321765,39.979187,254,56.198282,maximum_CDD18_within_time_slice,False,False,True
China,Beijing,ssp245,SSP2-4.5,late_2080s,2080-2089,heatwave_extreme,2084,beijing_ssp245_late_2080s_heatwave_extreme_2084,/Users/guo/Library/CloudStorage/OneDrive-TheUniversityOfHongKong/Drafts/HPH_Carbon_Entitlement/weather/cmip_selected_years/ssp245/Beijing/beijing_ssp245_late_2080s_heatwave_extreme_2084.epw,16.177915,35390.321765,39.979187,254,56.198282,maximum_hours_temp_ge_35_then_max_temp,False,False,True
China,Beijing,ssp585,SSP5-8.5,baseline_2020s,2025-2029,typical,2026,beijing_ssp585_baseline_2020s_typical_2026,/Users/guo/Library/CloudStorage/OneDrive-TheUniversityOfHongKong/Drafts/HPH_Carbon_Entitlement/weather/cmip_selected_years/ssp585/Beijing/beijing_ssp585_baseline_2020s_typical_2026.epw,12.622652,22828.275548,34.634711,0,56.243318,nearest_median_CDD18_within_time_slice,False,True,True
China,Beijing,ssp585,SSP5-8.5,baseline_2020s,2025-2029,hot,2029,beijing_ssp585_baseline_2020s_hot_2029,/Users/guo/Library/CloudStorage/OneDrive-TheUniversityOfHongKong/Drafts/HPH_Carbon_Entitlement/weather/cmip_selected_years/ssp585/Beijing/beijing_ssp585_baseline_2020s_hot_2029.epw,13.001206,25597.389777,35.826267,14,56.273923,maximum_CDD18_within_time_slice,False,False,True
China,Beijing,ssp585,SSP5-8.5,baseline_2020s,2025-2029,heatwave_extreme,2029,beijing_ssp585_baseline_2020s_heatwave_extreme_2029,/Users/guo/Library/CloudStorage/OneDrive-TheUniversityOfHongKong/Drafts/HPH_Carbon_Entitlement/weather/cmip_selected_years/ssp585/Beijing/beijing_ssp585_baseline_2020s_heatwave_extreme_2029.epw,13.001206,25597.389777,35.826267,14,56.273923,maximum_hours_temp_ge_35_then_max_temp,False,False,True
China,Beijing,ssp585,SSP5-8.5,near_2030s,2030-2039,typical,2032,beijing_ssp585_near_2030s_typical_2032,/Users/guo/Library/CloudStorage/OneDrive-TheUniversityOfHongKong/Drafts/HPH_Carbon_Entitlement/weather/cmip_selected_years/ssp585/Beijing/beijing_ssp585_near_2030s_typical_2032.epw,14.343585,26596.030161,34.894855,0,56.208055,nearest_median_CDD18_within_time_slice,False,True,True
China,Beijing,ssp585,SSP5-8.5,near_2030s,2030-2039,hot,2037,beijing_ssp585_near_2030s_hot_2037,/Users/guo/Library/CloudStorage/OneDrive-TheUniversityOfHongKong/Drafts/HPH_Carbon_Entitlement/weather/cmip_selected_years/ssp585/Beijing/beijing_ssp585_near_2030s_hot_2037.epw,13.573192,29936.257513,35.413196,10,56.223518,maximum_CDD18_within_time_slice,False,False,True
China,Beijing,ssp585,SSP5-8.5,near_2030s,2030-2039,heatwave_extreme,2030,beijing_ssp585_near_2030s_heatwave_extreme_2030,/Users/guo/Library/CloudStorage/OneDrive-TheUniversityOfHongKong/Drafts/HPH_Carbon_Entitlement/weather/cmip_selected_years/ssp585/Beijing/beijing_ssp585_near_2030s_heatwave_extreme_2030.epw,12.897317,28829.887595,37.244627,59,56.241516,maximum_hours_temp_ge_35_then_max_temp,False,False,True
China,Beijing,ssp585,SSP5-8.5,mid_2050s,2050-2059,typical,2053,beijing_ssp585_mid_2050s_typical_2053,/Users/guo/Library/CloudStorage/OneDrive-TheUniversityOfHongKong/Drafts/HPH_Carbon_Entitlement/weather/cmip_selected_years/ssp585/Beijing/beijing_ssp585_mid_2050s_typical_2053.epw,15.043602,31059.089651,36.965182,41,56.219349,nearest_median_CDD18_within_time_slice,False,True,True
China,Beijing,ssp585,SSP5-8.5,mid_2050s,2050-2059,hot,2052,beijing_ssp585_mid_2050s_hot_2052,/Users/guo/Library/CloudStorage/OneDrive-TheUniversityOfHongKong/Drafts/HPH_Carbon_Entitlement/weather/cmip_selected_years/ssp585/Beijing/beijing_ssp585_mid_2050s_hot_2052.epw,15.566675,38823.246898,44.690405,375,56.212196,maximum_CDD18_within_time_slice,False,False,True
China,Beijing,ssp585,SSP5-8.5,mid_2050s,2050-2059,heatwave_extreme,2052,beijing_ssp585_mid_2050s_heatwave_extreme_2052,/Users/guo/Library/CloudStorage/OneDrive-TheUniversityOfHongKong/Drafts/HPH_Carbon_Entitlement/weather/cmip_selected_years/ssp585/Beijing/beijing_ssp585_mid_2050s_heatwave_extreme_2052.epw,15.566675,38823.246898,44.690405,375,56.212196,maximum_hours_temp_ge_35_then_max_temp,False,False,True
China,Beijing,ssp585,SSP5-8.5,late_2080s,2080-2089,typical,2084,beijing_ssp585_late_2080s_typical_2084,/Users/guo/Library/CloudStorage/OneDrive-TheUniversityOfHongKong/Drafts/HPH_Carbon_Entitlement/weather/cmip_selected_years/ssp585/Beijing/beijing_ssp585_late_2080s_typical_2084.epw,16.689317,37071.552971,42.710354,315,56.198282,nearest_median_CDD18_within_time_slice,False,True,True
China,Beijing,ssp585,SSP5-8.5,late_2080s,2080-2089,hot,2089,beijing_ssp585_late_2080s_hot_2089,/Users/guo/Library/CloudStorage/OneDrive-TheUniversityOfHongKong/Drafts/HPH_Carbon_Entitlement/weather/cmip_selected_years/ssp585/Beijing/beijing_ssp585_late_2080s_hot_2089.epw,17.771001,44549.847652,41.499104,420,56.247569,maximum_CDD18_within_time_slice,False,False,True
China,Beijing,ssp585,SSP5-8.5,late_2080s,2080-2089,heatwave_extreme,2089,beijing_ssp585_late_2080s_heatwave_extreme_2089,/Users/guo/Library/CloudStorage/OneDrive-TheUniversityOfHongKong/Drafts/HPH_Carbon_Entitlement/weather/cmip_selected_years/ssp585/Beijing/beijing_ssp585_late_2080s_heatwave_extreme_2089.epw,17.771001,44549.847652,41.499104,420,56.247569,maximum_hours_temp_ge_35_then_max_temp,False,False,True
China,Guangzhou,ssp245,SSP2-4.5,baseline_2020s,2025-2029,typical,2025,guangzhou_ssp245_baseline_2020s_typical_2025,/Users/guo/Library/CloudStorage/OneDrive-TheUniversityOfHongKong/Drafts/HPH_Carbon_Entitlement/weather/cmip_selected_years/ssp245/Guangzhou/guangzhou_ssp245_baseline_2020s_typical_2025.epw,23.474218,55412.816317,34.827892,0,71.982966,nearest_median_CDD18_within_time_slice,False,True,True
China,Guangzhou,ssp245,SSP2-4.5,baseline_2020s,2025-2029,hot,2027,guangzhou_ssp245_baseline_2020s_hot_2027,/Users/guo/Library/CloudStorage/OneDrive-TheUniversityOfHongKong/Drafts/HPH_Carbon_Entitlement/weather/cmip_selected_years/ssp245/Guangzhou/guangzhou_ssp245_baseline_2020s_hot_2027.epw,23.630798,58340.686621,34.532757,0,72.054558,maximum_CDD18_within_time_slice,False,False,True
China,Guangzhou,ssp245,SSP2-4.5,baseline_2020s,2025-2029,heatwave_extreme,2028,guangzhou_ssp245_baseline_2020s_heatwave_extreme_2028,/Users/guo/Library/CloudStorage/OneDrive-TheUniversityOfHongKong/Drafts/HPH_Carbon_Entitlement/weather/cmip_selected_years/ssp245/Guangzhou/guangzhou_ssp245_baseline_2020s_heatwave_extreme_2028.epw,23.219796,53290.370677,34.946108,0,72.031759,maximum_hours_temp_ge_35_then_max_temp,False,False,True
China,Guangzhou,ssp245,SSP2-4.5,near_2030s,2030-2039,typical,2031,guangzhou_ssp245_near_2030s_typical_2031,/Users/guo/Library/CloudStorage/OneDrive-TheUniversityOfHongKong/Drafts/HPH_Carbon_Entitlement/weather/cmip_selected_years/ssp245/Guangzhou/guangzhou_ssp245_near_2030s_typical_2031.epw,23.576008,57394.714387,36.011535,6,72.050128,nearest_median_CDD18_within_time_slice,False,True,True
China,Guangzhou,ssp245,SSP2-4.5,near_2030s,2030-2039,hot,2038,guangzhou_ssp245_near_2030s_hot_2038,/Users/guo/Library/CloudStorage/OneDrive-TheUniversityOfHongKong/Drafts/HPH_Carbon_Entitlement/weather/cmip_selected_years/ssp245/Guangzhou/guangzhou_ssp245_near_2030s_hot_2038.epw,24.369143,62929.991644,35.283911,8,72.045127,maximum_CDD18_within_time_slice,False,False,True
China,Guangzhou,ssp245,SSP2-4.5,near_2030s,2030-2039,heatwave_extreme,2034,guangzhou_ssp245_near_2030s_heatwave_extreme_2034,/Users/guo/Library/CloudStorage/OneDrive-TheUniversityOfHongKong/Drafts/HPH_Carbon_Entitlement/weather/cmip_selected_years/ssp245/Guangzhou/guangzhou_ssp245_near_2030s_heatwave_extreme_2034.epw,23.823143,57155.78942,35.944679,19,72.036561,maximum_hours_temp_ge_35_then_max_temp,False,False,True
China,Guangzhou,ssp245,SSP2-4.5,mid_2050s,2050-2059,typical,2054,guangzhou_ssp245_mid_2050s_typical_2054,/Users/guo/Library/CloudStorage/OneDrive-TheUniversityOfHongKong/Drafts/HPH_Carbon_Entitlement/weather/cmip_selected_years/ssp245/Guangzhou/guangzhou_ssp245_mid_2050s_typical_2054.epw,24.059037,62982.149604,36.018144,16,72.05442,nearest_median_CDD18_within_time_slice,False,True,True
China,Guangzhou,ssp245,SSP2-4.5,mid_2050s,2050-2059,hot,2051,guangzhou_ssp245_mid_2050s_hot_2051,/Users/guo/Library/CloudStorage/OneDrive-TheUniversityOfHongKong/Drafts/HPH_Carbon_Entitlement/weather/cmip_selected_years/ssp245/Guangzhou/guangzhou_ssp245_mid_2050s_hot_2051.epw,24.481152,64638.588891,36.067307,13,72.03898,maximum_CDD18_within_time_slice,False,False,True
China,Guangzhou,ssp245,SSP2-4.5,mid_2050s,2050-2059,heatwave_extreme,2055,guangzhou_ssp245_mid_2050s_heatwave_extreme_2055,/Users/guo/Library/CloudStorage/OneDrive-TheUniversityOfHongKong/Drafts/HPH_Carbon_Entitlement/weather/cmip_selected_years/ssp245/Guangzhou/guangzhou_ssp245_mid_2050s_heatwave_extreme_2055.epw,24.496591,61767.010427,35.612035,36,72.058375,maximum_hours_temp_ge_35_then_max_temp,False,False,True
China,Guangzhou,ssp245,SSP2-4.5,late_2080s,2080-2089,typical,2084,guangzhou_ssp245_late_2080s_typical_2084,/Users/guo/Library/CloudStorage/OneDrive-TheUniversityOfHongKong/Drafts/HPH_Carbon_Entitlement/weather/cmip_selected_years/ssp245/Guangzhou/guangzhou_ssp245_late_2080s_typical_2084.epw,24.628912,65314.094441,35.822609,22,72.038334,nearest_median_CDD18_within_time_slice,False,True,True
China,Guangzhou,ssp245,SSP2-4.5,late_2080s,2080-2089,hot,2083,guangzhou_ssp245_late_2080s_hot_2083,/Users/guo/Library/CloudStorage/OneDrive-TheUniversityOfHongKong/Drafts/HPH_Carbon_Entitlement/weather/cmip_selected_years/ssp245/Guangzhou/guangzhou_ssp245_late_2080s_hot_2083.epw,25.286183,68907.514793,36.753543,75,72.021173,maximum_CDD18_within_time_slice,False,False,True
China,Guangzhou,ssp245,SSP2-4.5,late_2080s,2080-2089,heatwave_extreme,2088,guangzhou_ssp245_late_2080s_heatwave_extreme_2088,/Users/guo/Library/CloudStorage/OneDrive-TheUniversityOfHongKong/Drafts/HPH_Carbon_Entitlement/weather/cmip_selected_years/ssp245/Guangzhou/guangzhou_ssp245_late_2080s_heatwave_extreme_2088.epw,24.890647,68825.740854,36.487835,137,72.040647,maximum_hours_temp_ge_35_then_max_temp,False,False,True
China,Guangzhou,ssp585,SSP5-8.5,baseline_2020s,2025-2029,typical,2025,guangzhou_ssp585_baseline_2020s_typical_2025,/Users/guo/Library/CloudStorage/OneDrive-TheUniversityOfHongKong/Drafts/HPH_Carbon_Entitlement/weather/cmip_selected_years/ssp585/Guangzhou/guangzhou_ssp585_baseline_2020s_typical_2025.epw,22.902355,54708.335841,35.866288,7,71.982966,nearest_median_CDD18_within_time_slice,False,True,True
China,Guangzhou,ssp585,SSP5-8.5,baseline_2020s,2025-2029,hot,2028,guangzhou_ssp585_baseline_2020s_hot_2028,/Users/guo/Library/CloudStorage/OneDrive-TheUniversityOfHongKong/Drafts/HPH_Carbon_Entitlement/weather/cmip_selected_years/ssp585/Guangzhou/guangzhou_ssp585_baseline_2020s_hot_2028.epw,23.386911,57045.294766,34.757575,0,72.031759,maximum_CDD18_within_time_slice,False,False,True
China,Guangzhou,ssp585,SSP5-8.5,baseline_2020s,2025-2029,heatwave_extreme,2026,guangzhou_ssp585_baseline_2020s_heatwave_extreme_2026,/Users/guo/Library/CloudStorage/OneDrive-TheUniversityOfHongKong/Drafts/HPH_Carbon_Entitlement/weather/cmip_selected_years/ssp585/Guangzhou/guangzhou_ssp585_baseline_2020s_heatwave_extreme_2026.epw,23.213375,54084.447179,35.800724,18,72.044246,maximum_hours_temp_ge_35_then_max_temp,False,False,True
China,Guangzhou,ssp585,SSP5-8.5,near_2030s,2030-2039,typical,2039,guangzhou_ssp585_near_2030s_typical_2039,/Users/guo/Library/CloudStorage/OneDrive-TheUniversityOfHongKong/Drafts/HPH_Carbon_Entitlement/weather/cmip_selected_years/ssp585/Guangzhou/guangzhou_ssp585_near_2030s_typical_2039.epw,23.586146,57982.795143,34.811663,0,72.050004,nearest_median_CDD18_within_time_slice,False,True,True
China,Guangzhou,ssp585,SSP5-8.5,near_2030s,2030-2039,hot,2033,guangzhou_ssp585_near_2030s_hot_2033,/Users/guo/Library/CloudStorage/OneDrive-TheUniversityOfHongKong/Drafts/HPH_Carbon_Entitlement/weather/cmip_selected_years/ssp585/Guangzhou/guangzhou_ssp585_near_2030s_hot_2033.epw,23.934567,60325.235809,35.4307,9,72.050393,maximum_CDD18_within_time_slice,False,False,True
China,Guangzhou,ssp585,SSP5-8.5,near_2030s,2030-2039,heatwave_extreme,2033,guangzhou_ssp585_near_2030s_heatwave_extreme_2033,/Users/guo/Library/CloudStorage/OneDrive-TheUniversityOfHongKong/Drafts/HPH_Carbon_Entitlement/weather/cmip_selected_years/ssp585/Guangzhou/guangzhou_ssp585_near_2030s_heatwave_extreme_2033.epw,23.934567,60325.235809,35.4307,9,72.050393,maximum_hours_temp_ge_35_then_max_temp,False,False,True
China,Guangzhou,ssp585,SSP5-8.5,mid_2050s,2050-2059,typical,2050,guangzhou_ssp585_mid_2050s_typical_2050,/Users/guo/Library/CloudStorage/OneDrive-TheUniversityOfHongKong/Drafts/HPH_Carbon_Entitlement/weather/cmip_selected_years/ssp585/Guangzhou/guangzhou_ssp585_mid_2050s_typical_2050.epw,24.027006,62479.564271,36.017723,41,72.04314,nearest_median_CDD18_within_time_slice,False,True,True
China,Guangzhou,ssp585,SSP5-8.5,mid_2050s,2050-2059,hot,2057,guangzhou_ssp585_mid_2050s_hot_2057,/Users/guo/Library/CloudStorage/OneDrive-TheUniversityOfHongKong/Drafts/HPH_Carbon_Entitlement/weather/cmip_selected_years/ssp585/Guangzhou/guangzhou_ssp585_mid_2050s_hot_2057.epw,25.297334,70027.558385,35.762095,17,72.038973,maximum_CDD18_within_time_slice,False,False,True
China,Guangzhou,ssp585,SSP5-8.5,mid_2050s,2050-2059,heatwave_extreme,2059,guangzhou_ssp585_mid_2050s_heatwave_extreme_2059,/Users/guo/Library/CloudStorage/OneDrive-TheUniversityOfHongKong/Drafts/HPH_Carbon_Entitlement/weather/cmip_selected_years/ssp585/Guangzhou/guangzhou_ssp585_mid_2050s_heatwave_extreme_2059.epw,24.858082,66711.613399,36.188511,72,72.031042,maximum_hours_temp_ge_35_then_max_temp,False,False,True
China,Guangzhou,ssp585,SSP5-8.5,late_2080s,2080-2089,typical,2087,guangzhou_ssp585_late_2080s_typical_2087,/Users/guo/Library/CloudStorage/OneDrive-TheUniversityOfHongKong/Drafts/HPH_Carbon_Entitlement/weather/cmip_selected_years/ssp585/Guangzhou/guangzhou_ssp585_late_2080s_typical_2087.epw,26.621425,79110.158598,37.143297,239,72.029404,nearest_median_CDD18_within_time_slice,False,True,True
China,Guangzhou,ssp585,SSP5-8.5,late_2080s,2080-2089,hot,2086,guangzhou_ssp585_late_2080s_hot_2086,/Users/guo/Library/CloudStorage/OneDrive-TheUniversityOfHongKong/Drafts/HPH_Carbon_Entitlement/weather/cmip_selected_years/ssp585/Guangzhou/guangzhou_ssp585_late_2080s_hot_2086.epw,27.261619,86503.76982,39.137899,904,72.041439,maximum_CDD18_within_time_slice,False,False,True
China,Guangzhou,ssp585,SSP5-8.5,late_2080s,2080-2089,heatwave_extreme,2086,guangzhou_ssp585_late_2080s_heatwave_extreme_2086,/Users/guo/Library/CloudStorage/OneDrive-TheUniversityOfHongKong/Drafts/HPH_Carbon_Entitlement/weather/cmip_selected_years/ssp585/Guangzhou/guangzhou_ssp585_late_2080s_heatwave_extreme_2086.epw,27.261619,86503.76982,39.137899,904,72.041439,maximum_hours_temp_ge_35_then_max_temp,False,False,True
India,Ahmedabad,ssp245,SSP2-4.5,baseline_2020s,2025-2029,typical,2025,ahmedabad_ssp245_baseline_2020s_typical_2025,/Users/guo/Library/CloudStorage/OneDrive-TheUniversityOfHongKong/Drafts/HPH_Carbon_Entitlement/weather/cmip_selected_years/ssp245/Ahmedabad/ahmedabad_ssp245_baseline_2020s_typical_2025.epw,27.84526,87476.146149,43.866432,840,56.373538,nearest_median_CDD18_within_time_slice,False,True,True
India,Ahmedabad,ssp245,SSP2-4.5,baseline_2020s,2025-2029,hot,2029,ahmedabad_ssp245_baseline_2020s_hot_2029,/Users/guo/Library/CloudStorage/OneDrive-TheUniversityOfHongKong/Drafts/HPH_Carbon_Entitlement/weather/cmip_selected_years/ssp245/Ahmedabad/ahmedabad_ssp245_baseline_2020s_hot_2029.epw,28.350228,92624.224841,43.199049,1176,56.359483,maximum_CDD18_within_time_slice,False,False,True
India,Ahmedabad,ssp245,SSP2-4.5,baseline_2020s,2025-2029,heatwave_extreme,2029,ahmedabad_ssp245_baseline_2020s_heatwave_extreme_2029,/Users/guo/Library/CloudStorage/OneDrive-TheUniversityOfHongKong/Drafts/HPH_Carbon_Entitlement/weather/cmip_selected_years/ssp245/Ahmedabad/ahmedabad_ssp245_baseline_2020s_heatwave_extreme_2029.epw,28.350228,92624.224841,43.199049,1176,56.359483,maximum_hours_temp_ge_35_then_max_temp,False,False,True
India,Ahmedabad,ssp245,SSP2-4.5,near_2030s,2030-2039,typical,2032,ahmedabad_ssp245_near_2030s_typical_2032,/Users/guo/Library/CloudStorage/OneDrive-TheUniversityOfHongKong/Drafts/HPH_Carbon_Entitlement/weather/cmip_selected_years/ssp245/Ahmedabad/ahmedabad_ssp245_near_2030s_typical_2032.epw,27.41087,85470.075181,42.672822,900,56.360225,nearest_median_CDD18_within_time_slice,False,True,True
India,Ahmedabad,ssp245,SSP2-4.5,near_2030s,2030-2039,hot,2034,ahmedabad_ssp245_near_2030s_hot_2034,/Users/guo/Library/CloudStorage/OneDrive-TheUniversityOfHongKong/Drafts/HPH_Carbon_Entitlement/weather/cmip_selected_years/ssp245/Ahmedabad/ahmedabad_ssp245_near_2030s_hot_2034.epw,28.257058,90991.054602,46.222167,1110,56.403206,maximum_CDD18_within_time_slice,False,False,True
India,Ahmedabad,ssp245,SSP2-4.5,near_2030s,2030-2039,heatwave_extreme,2034,ahmedabad_ssp245_near_2030s_heatwave_extreme_2034,/Users/guo/Library/CloudStorage/OneDrive-TheUniversityOfHongKong/Drafts/HPH_Carbon_Entitlement/weather/cmip_selected_years/ssp245/Ahmedabad/ahmedabad_ssp245_near_2030s_heatwave_extreme_2034.epw,28.257058,90991.054602,46.222167,1110,56.403206,maximum_hours_temp_ge_35_then_max_temp,False,False,True
India,Ahmedabad,ssp245,SSP2-4.5,mid_2050s,2050-2059,typical,2058,ahmedabad_ssp245_mid_2050s_typical_2058,/Users/guo/Library/CloudStorage/OneDrive-TheUniversityOfHongKong/Drafts/HPH_Carbon_Entitlement/weather/cmip_selected_years/ssp245/Ahmedabad/ahmedabad_ssp245_mid_2050s_typical_2058.epw,27.502697,85434.257832,43.714808,972,56.373664,nearest_median_CDD18_within_time_slice,False,True,True
India,Ahmedabad,ssp245,SSP2-4.5,mid_2050s,2050-2059,hot,2059,ahmedabad_ssp245_mid_2050s_hot_2059,/Users/guo/Library/CloudStorage/OneDrive-TheUniversityOfHongKong/Drafts/HPH_Carbon_Entitlement/weather/cmip_selected_years/ssp245/Ahmedabad/ahmedabad_ssp245_mid_2050s_hot_2059.epw,28.452703,93447.449756,48.491247,1233,56.401231,maximum_CDD18_within_time_slice,False,False,True
India,Ahmedabad,ssp245,SSP2-4.5,mid_2050s,2050-2059,heatwave_extreme,2059,ahmedabad_ssp245_mid_2050s_heatwave_extreme_2059,/Users/guo/Library/CloudStorage/OneDrive-TheUniversityOfHongKong/Drafts/HPH_Carbon_Entitlement/weather/cmip_selected_years/ssp245/Ahmedabad/ahmedabad_ssp245_mid_2050s_heatwave_extreme_2059.epw,28.452703,93447.449756,48.491247,1233,56.401231,maximum_hours_temp_ge_35_then_max_temp,False,False,True
India,Ahmedabad,ssp245,SSP2-4.5,late_2080s,2080-2089,typical,2086,ahmedabad_ssp245_late_2080s_typical_2086,/Users/guo/Library/CloudStorage/OneDrive-TheUniversityOfHongKong/Drafts/HPH_Carbon_Entitlement/weather/cmip_selected_years/ssp245/Ahmedabad/ahmedabad_ssp245_late_2080s_typical_2086.epw,28.022822,88976.69973,48.704821,1176,56.386855,nearest_median_CDD18_within_time_slice,False,True,True
India,Ahmedabad,ssp245,SSP2-4.5,late_2080s,2080-2089,hot,2081,ahmedabad_ssp245_late_2080s_hot_2081,/Users/guo/Library/CloudStorage/OneDrive-TheUniversityOfHongKong/Drafts/HPH_Carbon_Entitlement/weather/cmip_selected_years/ssp245/Ahmedabad/ahmedabad_ssp245_late_2080s_hot_2081.epw,29.058799,98097.758616,46.090774,1344,56.386751,maximum_CDD18_within_time_slice,False,False,True
India,Ahmedabad,ssp245,SSP2-4.5,late_2080s,2080-2089,heatwave_extreme,2081,ahmedabad_ssp245_late_2080s_heatwave_extreme_2081,/Users/guo/Library/CloudStorage/OneDrive-TheUniversityOfHongKong/Drafts/HPH_Carbon_Entitlement/weather/cmip_selected_years/ssp245/Ahmedabad/ahmedabad_ssp245_late_2080s_heatwave_extreme_2081.epw,29.058799,98097.758616,46.090774,1344,56.386751,maximum_hours_temp_ge_35_then_max_temp,False,False,True
India,Ahmedabad,ssp585,SSP5-8.5,baseline_2020s,2025-2029,typical,2025,ahmedabad_ssp585_baseline_2020s_typical_2025,/Users/guo/Library/CloudStorage/OneDrive-TheUniversityOfHongKong/Drafts/HPH_Carbon_Entitlement/weather/cmip_selected_years/ssp585/Ahmedabad/ahmedabad_ssp585_baseline_2020s_typical_2025.epw,27.769898,87125.097005,46.601166,822,56.373538,nearest_median_CDD18_within_time_slice,False,True,True
India,Ahmedabad,ssp585,SSP5-8.5,baseline_2020s,2025-2029,hot,2027,ahmedabad_ssp585_baseline_2020s_hot_2027,/Users/guo/Library/CloudStorage/OneDrive-TheUniversityOfHongKong/Drafts/HPH_Carbon_Entitlement/weather/cmip_selected_years/ssp585/Ahmedabad/ahmedabad_ssp585_baseline_2020s_hot_2027.epw,28.247966,92410.889875,43.764356,1162,56.373055,maximum_CDD18_within_time_slice,False,False,True
India,Ahmedabad,ssp585,SSP5-8.5,baseline_2020s,2025-2029,heatwave_extreme,2027,ahmedabad_ssp585_baseline_2020s_heatwave_extreme_2027,/Users/guo/Library/CloudStorage/OneDrive-TheUniversityOfHongKong/Drafts/HPH_Carbon_Entitlement/weather/cmip_selected_years/ssp585/Ahmedabad/ahmedabad_ssp585_baseline_2020s_heatwave_extreme_2027.epw,28.247966,92410.889875,43.764356,1162,56.373055,maximum_hours_temp_ge_35_then_max_temp,False,False,True
India,Ahmedabad,ssp585,SSP5-8.5,near_2030s,2030-2039,typical,2031,ahmedabad_ssp585_near_2030s_typical_2031,/Users/guo/Library/CloudStorage/OneDrive-TheUniversityOfHongKong/Drafts/HPH_Carbon_Entitlement/weather/cmip_selected_years/ssp585/Ahmedabad/ahmedabad_ssp585_near_2030s_typical_2031.epw,26.911824,81512.894083,44.890228,849,56.382097,nearest_median_CDD18_within_time_slice,False,True,True
India,Ahmedabad,ssp585,SSP5-8.5,near_2030s,2030-2039,hot,2037,ahmedabad_ssp585_near_2030s_hot_2037,/Users/guo/Library/CloudStorage/OneDrive-TheUniversityOfHongKong/Drafts/HPH_Carbon_Entitlement/weather/cmip_selected_years/ssp585/Ahmedabad/ahmedabad_ssp585_near_2030s_hot_2037.epw,27.961734,89638.885702,46.88205,1155,56.40666,maximum_CDD18_within_time_slice,False,False,True
India,Ahmedabad,ssp585,SSP5-8.5,near_2030s,2030-2039,heatwave_extreme,2037,ahmedabad_ssp585_near_2030s_heatwave_extreme_2037,/Users/guo/Library/CloudStorage/OneDrive-TheUniversityOfHongKong/Drafts/HPH_Carbon_Entitlement/weather/cmip_selected_years/ssp585/Ahmedabad/ahmedabad_ssp585_near_2030s_heatwave_extreme_2037.epw,27.961734,89638.885702,46.88205,1155,56.40666,maximum_hours_temp_ge_35_then_max_temp,False,False,True
India,Ahmedabad,ssp585,SSP5-8.5,mid_2050s,2050-2059,typical,2055,ahmedabad_ssp585_mid_2050s_typical_2055,/Users/guo/Library/CloudStorage/OneDrive-TheUniversityOfHongKong/Drafts/HPH_Carbon_Entitlement/weather/cmip_selected_years/ssp585/Ahmedabad/ahmedabad_ssp585_mid_2050s_typical_2055.epw,27.757055,87384.800906,44.279718,965,56.356043,nearest_median_CDD18_within_time_slice,False,True,True
India,Ahmedabad,ssp585,SSP5-8.5,mid_2050s,2050-2059,hot,2050,ahmedabad_ssp585_mid_2050s_hot_2050,/Users/guo/Library/CloudStorage/OneDrive-TheUniversityOfHongKong/Drafts/HPH_Carbon_Entitlement/weather/cmip_selected_years/ssp585/Ahmedabad/ahmedabad_ssp585_mid_2050s_hot_2050.epw,28.461958,92989.103507,45.623343,1180,56.383025,maximum_CDD18_within_time_slice,False,False,True
India,Ahmedabad,ssp585,SSP5-8.5,mid_2050s,2050-2059,heatwave_extreme,2051,ahmedabad_ssp585_mid_2050s_heatwave_extreme_2051,/Users/guo/Library/CloudStorage/OneDrive-TheUniversityOfHongKong/Drafts/HPH_Carbon_Entitlement/weather/cmip_selected_years/ssp585/Ahmedabad/ahmedabad_ssp585_mid_2050s_heatwave_extreme_2051.epw,28.37354,92684.693571,46.727889,1190,56.388343,maximum_hours_temp_ge_35_then_max_temp,False,False,True
India,Ahmedabad,ssp585,SSP5-8.5,late_2080s,2080-2089,typical,2087,ahmedabad_ssp585_late_2080s_typical_2087,/Users/guo/Library/CloudStorage/OneDrive-TheUniversityOfHongKong/Drafts/HPH_Carbon_Entitlement/weather/cmip_selected_years/ssp585/Ahmedabad/ahmedabad_ssp585_late_2080s_typical_2087.epw,29.166304,98528.964972,44.660091,1436,56.402861,nearest_median_CDD18_within_time_slice,False,True,True
India,Ahmedabad,ssp585,SSP5-8.5,late_2080s,2080-2089,hot,2088,ahmedabad_ssp585_late_2080s_hot_2088,/Users/guo/Library/CloudStorage/OneDrive-TheUniversityOfHongKong/Drafts/HPH_Carbon_Entitlement/weather/cmip_selected_years/ssp585/Ahmedabad/ahmedabad_ssp585_late_2080s_hot_2088.epw,30.258735,107894.289868,49.175956,1765,56.357362,maximum_CDD18_within_time_slice,False,False,True
India,Ahmedabad,ssp585,SSP5-8.5,late_2080s,2080-2089,heatwave_extreme,2088,ahmedabad_ssp585_late_2080s_heatwave_extreme_2088,/Users/guo/Library/CloudStorage/OneDrive-TheUniversityOfHongKong/Drafts/HPH_Carbon_Entitlement/weather/cmip_selected_years/ssp585/Ahmedabad/ahmedabad_ssp585_late_2080s_heatwave_extreme_2088.epw,30.258735,107894.289868,49.175956,1765,56.357362,maximum_hours_temp_ge_35_then_max_temp,False,False,True
India,Kolkata,ssp245,SSP2-4.5,baseline_2020s,2025-2029,typical,2026,kolkata_ssp245_baseline_2020s_typical_2026,/Users/guo/Library/CloudStorage/OneDrive-TheUniversityOfHongKong/Drafts/HPH_Carbon_Entitlement/weather/cmip_selected_years/ssp245/Kolkata/kolkata_ssp245_baseline_2020s_typical_2026.epw,25.724295,71040.660226,39.709949,369,75.436668,nearest_median_CDD18_within_time_slice,False,True,True
India,Kolkata,ssp245,SSP2-4.5,baseline_2020s,2025-2029,hot,2028,kolkata_ssp245_baseline_2020s_hot_2028,/Users/guo/Library/CloudStorage/OneDrive-TheUniversityOfHongKong/Drafts/HPH_Carbon_Entitlement/weather/cmip_selected_years/ssp245/Kolkata/kolkata_ssp245_baseline_2020s_hot_2028.epw,26.736344,78961.08606,40.971973,363,75.429266,maximum_CDD18_within_time_slice,False,False,True
India,Kolkata,ssp245,SSP2-4.5,baseline_2020s,2025-2029,heatwave_extreme,2027,kolkata_ssp245_baseline_2020s_heatwave_extreme_2027,/Users/guo/Library/CloudStorage/OneDrive-TheUniversityOfHongKong/Drafts/HPH_Carbon_Entitlement/weather/cmip_selected_years/ssp245/Kolkata/kolkata_ssp245_baseline_2020s_heatwave_extreme_2027.epw,26.240966,76148.349605,43.689881,509,75.425648,maximum_hours_temp_ge_35_then_max_temp,False,False,True
India,Kolkata,ssp245,SSP2-4.5,near_2030s,2030-2039,typical,2036,kolkata_ssp245_near_2030s_typical_2036,/Users/guo/Library/CloudStorage/OneDrive-TheUniversityOfHongKong/Drafts/HPH_Carbon_Entitlement/weather/cmip_selected_years/ssp245/Kolkata/kolkata_ssp245_near_2030s_typical_2036.epw,25.598567,69999.549434,39.584368,202,75.417257,nearest_median_CDD18_within_time_slice,False,True,True
India,Kolkata,ssp245,SSP2-4.5,near_2030s,2030-2039,hot,2031,kolkata_ssp245_near_2030s_hot_2031,/Users/guo/Library/CloudStorage/OneDrive-TheUniversityOfHongKong/Drafts/HPH_Carbon_Entitlement/weather/cmip_selected_years/ssp245/Kolkata/kolkata_ssp245_near_2030s_hot_2031.epw,26.868903,80008.022775,37.705896,190,75.430294,maximum_CDD18_within_time_slice,False,False,True
India,Kolkata,ssp245,SSP2-4.5,near_2030s,2030-2039,heatwave_extreme,2039,kolkata_ssp245_near_2030s_heatwave_extreme_2039,/Users/guo/Library/CloudStorage/OneDrive-TheUniversityOfHongKong/Drafts/HPH_Carbon_Entitlement/weather/cmip_selected_years/ssp245/Kolkata/kolkata_ssp245_near_2030s_heatwave_extreme_2039.epw,25.991091,73640.33792,39.627456,410,75.425608,maximum_hours_temp_ge_35_then_max_temp,False,False,True
India,Kolkata,ssp245,SSP2-4.5,mid_2050s,2050-2059,typical,2058,kolkata_ssp245_mid_2050s_typical_2058,/Users/guo/Library/CloudStorage/OneDrive-TheUniversityOfHongKong/Drafts/HPH_Carbon_Entitlement/weather/cmip_selected_years/ssp245/Kolkata/kolkata_ssp245_mid_2050s_typical_2058.epw,26.423007,75435.176249,41.710524,431,75.426683,nearest_median_CDD18_within_time_slice,False,True,True
India,Kolkata,ssp245,SSP2-4.5,mid_2050s,2050-2059,hot,2053,kolkata_ssp245_mid_2050s_hot_2053,/Users/guo/Library/CloudStorage/OneDrive-TheUniversityOfHongKong/Drafts/HPH_Carbon_Entitlement/weather/cmip_selected_years/ssp245/Kolkata/kolkata_ssp245_mid_2050s_hot_2053.epw,26.946932,80269.526266,39.804015,568,75.449434,maximum_CDD18_within_time_slice,False,False,True
India,Kolkata,ssp245,SSP2-4.5,mid_2050s,2050-2059,heatwave_extreme,2053,kolkata_ssp245_mid_2050s_heatwave_extreme_2053,/Users/guo/Library/CloudStorage/OneDrive-TheUniversityOfHongKong/Drafts/HPH_Carbon_Entitlement/weather/cmip_selected_years/ssp245/Kolkata/kolkata_ssp245_mid_2050s_heatwave_extreme_2053.epw,26.946932,80269.526266,39.804015,568,75.449434,maximum_hours_temp_ge_35_then_max_temp,False,False,True
India,Kolkata,ssp245,SSP2-4.5,late_2080s,2080-2089,typical,2084,kolkata_ssp245_late_2080s_typical_2084,/Users/guo/Library/CloudStorage/OneDrive-TheUniversityOfHongKong/Drafts/HPH_Carbon_Entitlement/weather/cmip_selected_years/ssp245/Kolkata/kolkata_ssp245_late_2080s_typical_2084.epw,27.099785,82081.956589,41.619387,732,75.417819,nearest_median_CDD18_within_time_slice,False,True,True
India,Kolkata,ssp245,SSP2-4.5,late_2080s,2080-2089,hot,2087,kolkata_ssp245_late_2080s_hot_2087,/Users/guo/Library/CloudStorage/OneDrive-TheUniversityOfHongKong/Drafts/HPH_Carbon_Entitlement/weather/cmip_selected_years/ssp245/Kolkata/kolkata_ssp245_late_2080s_hot_2087.epw,27.785327,86862.975452,39.711374,575,75.444353,maximum_CDD18_within_time_slice,False,False,True
India,Kolkata,ssp245,SSP2-4.5,late_2080s,2080-2089,heatwave_extreme,2086,kolkata_ssp245_late_2080s_heatwave_extreme_2086,/Users/guo/Library/CloudStorage/OneDrive-TheUniversityOfHongKong/Drafts/HPH_Carbon_Entitlement/weather/cmip_selected_years/ssp245/Kolkata/kolkata_ssp245_late_2080s_heatwave_extreme_2086.epw,27.606172,85415.250552,41.591316,776,75.43428,maximum_hours_temp_ge_35_then_max_temp,False,False,True
India,Kolkata,ssp585,SSP5-8.5,baseline_2020s,2025-2029,typical,2029,kolkata_ssp585_baseline_2020s_typical_2029,/Users/guo/Library/CloudStorage/OneDrive-TheUniversityOfHongKong/Drafts/HPH_Carbon_Entitlement/weather/cmip_selected_years/ssp585/Kolkata/kolkata_ssp585_baseline_2020s_typical_2029.epw,25.246182,67733.113473,38.356587,104,75.415999,nearest_median_CDD18_within_time_slice,False,True,True
India,Kolkata,ssp585,SSP5-8.5,baseline_2020s,2025-2029,hot,2026,kolkata_ssp585_baseline_2020s_hot_2026,/Users/guo/Library/CloudStorage/OneDrive-TheUniversityOfHongKong/Drafts/HPH_Carbon_Entitlement/weather/cmip_selected_years/ssp585/Kolkata/kolkata_ssp585_baseline_2020s_hot_2026.epw,26.046112,73213.520978,38.998067,235,75.436668,maximum_CDD18_within_time_slice,False,False,True
India,Kolkata,ssp585,SSP5-8.5,baseline_2020s,2025-2029,heatwave_extreme,2027,kolkata_ssp585_baseline_2020s_heatwave_extreme_2027,/Users/guo/Library/CloudStorage/OneDrive-TheUniversityOfHongKong/Drafts/HPH_Carbon_Entitlement/weather/cmip_selected_years/ssp585/Kolkata/kolkata_ssp585_baseline_2020s_heatwave_extreme_2027.epw,25.48185,68898.125349,39.650146,280,75.425648,maximum_hours_temp_ge_35_then_max_temp,False,False,True
India,Kolkata,ssp585,SSP5-8.5,near_2030s,2030-2039,typical,2038,kolkata_ssp585_near_2030s_typical_2038,/Users/guo/Library/CloudStorage/OneDrive-TheUniversityOfHongKong/Drafts/HPH_Carbon_Entitlement/weather/cmip_selected_years/ssp585/Kolkata/kolkata_ssp585_near_2030s_typical_2038.epw,24.86027,64616.926824,39.969712,233,75.429458,nearest_median_CDD18_within_time_slice,False,True,True
India,Kolkata,ssp585,SSP5-8.5,near_2030s,2030-2039,hot,2030,kolkata_ssp585_near_2030s_hot_2030,/Users/guo/Library/CloudStorage/OneDrive-TheUniversityOfHongKong/Drafts/HPH_Carbon_Entitlement/weather/cmip_selected_years/ssp585/Kolkata/kolkata_ssp585_near_2030s_hot_2030.epw,25.765888,72092.918343,39.523241,265,75.438233,maximum_CDD18_within_time_slice,False,False,True
India,Kolkata,ssp585,SSP5-8.5,near_2030s,2030-2039,heatwave_extreme,2032,kolkata_ssp585_near_2030s_heatwave_extreme_2032,/Users/guo/Library/CloudStorage/OneDrive-TheUniversityOfHongKong/Drafts/HPH_Carbon_Entitlement/weather/cmip_selected_years/ssp585/Kolkata/kolkata_ssp585_near_2030s_heatwave_extreme_2032.epw,25.031005,65640.381845,38.346068,313,75.413962,maximum_hours_temp_ge_35_then_max_temp,False,False,True
India,Kolkata,ssp585,SSP5-8.5,mid_2050s,2050-2059,typical,2057,kolkata_ssp585_mid_2050s_typical_2057,/Users/guo/Library/CloudStorage/OneDrive-TheUniversityOfHongKong/Drafts/HPH_Carbon_Entitlement/weather/cmip_selected_years/ssp585/Kolkata/kolkata_ssp585_mid_2050s_typical_2057.epw,26.459367,76080.320371,40.913649,473,75.435626,nearest_median_CDD18_within_time_slice,False,True,True
India,Kolkata,ssp585,SSP5-8.5,mid_2050s,2050-2059,hot,2059,kolkata_ssp585_mid_2050s_hot_2059,/Users/guo/Library/CloudStorage/OneDrive-TheUniversityOfHongKong/Drafts/HPH_Carbon_Entitlement/weather/cmip_selected_years/ssp585/Kolkata/kolkata_ssp585_mid_2050s_hot_2059.epw,29.378027,100314.774345,40.690338,961,75.443652,maximum_CDD18_within_time_slice,False,False,True
India,Kolkata,ssp585,SSP5-8.5,mid_2050s,2050-2059,heatwave_extreme,2059,kolkata_ssp585_mid_2050s_heatwave_extreme_2059,/Users/guo/Library/CloudStorage/OneDrive-TheUniversityOfHongKong/Drafts/HPH_Carbon_Entitlement/weather/cmip_selected_years/ssp585/Kolkata/kolkata_ssp585_mid_2050s_heatwave_extreme_2059.epw,29.378027,100314.774345,40.690338,961,75.443652,maximum_hours_temp_ge_35_then_max_temp,False,False,True
India,Kolkata,ssp585,SSP5-8.5,late_2080s,2080-2089,typical,2088,kolkata_ssp585_late_2080s_typical_2088,/Users/guo/Library/CloudStorage/OneDrive-TheUniversityOfHongKong/Drafts/HPH_Carbon_Entitlement/weather/cmip_selected_years/ssp585/Kolkata/kolkata_ssp585_late_2080s_typical_2088.epw,28.570697,93279.44852,42.952133,691,75.414756,nearest_median_CDD18_within_time_slice,False,True,True
India,Kolkata,ssp585,SSP5-8.5,late_2080s,2080-2089,hot,2080,kolkata_ssp585_late_2080s_hot_2080,/Users/guo/Library/CloudStorage/OneDrive-TheUniversityOfHongKong/Drafts/HPH_Carbon_Entitlement/weather/cmip_selected_years/ssp585/Kolkata/kolkata_ssp585_late_2080s_hot_2080.epw,29.845818,104410.475404,42.83983,1106,75.428341,maximum_CDD18_within_time_slice,False,False,True
India,Kolkata,ssp585,SSP5-8.5,late_2080s,2080-2089,heatwave_extreme,2080,kolkata_ssp585_late_2080s_heatwave_extreme_2080,/Users/guo/Library/CloudStorage/OneDrive-TheUniversityOfHongKong/Drafts/HPH_Carbon_Entitlement/weather/cmip_selected_years/ssp585/Kolkata/kolkata_ssp585_late_2080s_heatwave_extreme_2080.epw,29.845818,104410.475404,42.83983,1106,75.428341,maximum_hours_temp_ge_35_then_max_temp,False,False,True
United States,Houston,ssp245,SSP2-4.5,baseline_2020s,2025-2029,typical,2027,houston_ssp245_baseline_2020s_typical_2027,/Users/guo/Library/CloudStorage/OneDrive-TheUniversityOfHongKong/Drafts/HPH_Carbon_Entitlement/weather/cmip_selected_years/ssp245/Houston/houston_ssp245_baseline_2020s_typical_2027.epw,21.975982,47710.30446,35.741696,14,74.039855,nearest_median_CDD18_within_time_slice,False,True,True
United States,Houston,ssp245,SSP2-4.5,baseline_2020s,2025-2029,hot,2026,houston_ssp245_baseline_2020s_hot_2026,/Users/guo/Library/CloudStorage/OneDrive-TheUniversityOfHongKong/Drafts/HPH_Carbon_Entitlement/weather/cmip_selected_years/ssp245/Houston/houston_ssp245_baseline_2020s_hot_2026.epw,22.016051,52506.86743,36.077124,34,74.051801,maximum_CDD18_within_time_slice,False,False,True
United States,Houston,ssp245,SSP2-4.5,baseline_2020s,2025-2029,heatwave_extreme,2026,houston_ssp245_baseline_2020s_heatwave_extreme_2026,/Users/guo/Library/CloudStorage/OneDrive-TheUniversityOfHongKong/Drafts/HPH_Carbon_Entitlement/weather/cmip_selected_years/ssp245/Houston/houston_ssp245_baseline_2020s_heatwave_extreme_2026.epw,22.016051,52506.86743,36.077124,34,74.051801,maximum_hours_temp_ge_35_then_max_temp,False,False,True
United States,Houston,ssp245,SSP2-4.5,near_2030s,2030-2039,typical,2033,houston_ssp245_near_2030s_typical_2033,/Users/guo/Library/CloudStorage/OneDrive-TheUniversityOfHongKong/Drafts/HPH_Carbon_Entitlement/weather/cmip_selected_years/ssp245/Houston/houston_ssp245_near_2030s_typical_2033.epw,21.467283,48579.932455,36.213632,75,74.045544,nearest_median_CDD18_within_time_slice,False,True,True
United States,Houston,ssp245,SSP2-4.5,near_2030s,2030-2039,hot,2038,houston_ssp245_near_2030s_hot_2038,/Users/guo/Library/CloudStorage/OneDrive-TheUniversityOfHongKong/Drafts/HPH_Carbon_Entitlement/weather/cmip_selected_years/ssp245/Houston/houston_ssp245_near_2030s_hot_2038.epw,23.716286,56529.489626,36.120463,76,74.033975,maximum_CDD18_within_time_slice,False,False,True
United States,Houston,ssp245,SSP2-4.5,near_2030s,2030-2039,heatwave_extreme,2039,houston_ssp245_near_2030s_heatwave_extreme_2039,/Users/guo/Library/CloudStorage/OneDrive-TheUniversityOfHongKong/Drafts/HPH_Carbon_Entitlement/weather/cmip_selected_years/ssp245/Houston/houston_ssp245_near_2030s_heatwave_extreme_2039.epw,21.794397,49450.231615,36.988107,93,74.028067,maximum_hours_temp_ge_35_then_max_temp,False,False,True
United States,Houston,ssp245,SSP2-4.5,mid_2050s,2050-2059,typical,2052,houston_ssp245_mid_2050s_typical_2052,/Users/guo/Library/CloudStorage/OneDrive-TheUniversityOfHongKong/Drafts/HPH_Carbon_Entitlement/weather/cmip_selected_years/ssp245/Houston/houston_ssp245_mid_2050s_typical_2052.epw,22.776828,53420.549269,37.890924,160,74.022174,nearest_median_CDD18_within_time_slice,False,True,True
United States,Houston,ssp245,SSP2-4.5,mid_2050s,2050-2059,hot,2056,houston_ssp245_mid_2050s_hot_2056,/Users/guo/Library/CloudStorage/OneDrive-TheUniversityOfHongKong/Drafts/HPH_Carbon_Entitlement/weather/cmip_selected_years/ssp245/Houston/houston_ssp245_mid_2050s_hot_2056.epw,23.846014,57130.049119,36.080721,60,74.033774,maximum_CDD18_within_time_slice,False,False,True
United States,Houston,ssp245,SSP2-4.5,mid_2050s,2050-2059,heatwave_extreme,2058,houston_ssp245_mid_2050s_heatwave_extreme_2058,/Users/guo/Library/CloudStorage/OneDrive-TheUniversityOfHongKong/Drafts/HPH_Carbon_Entitlement/weather/cmip_selected_years/ssp245/Houston/houston_ssp245_mid_2050s_heatwave_extreme_2058.epw,21.644799,49711.621038,36.670214,218,74.029557,maximum_hours_temp_ge_35_then_max_temp,False,False,True
United States,Houston,ssp245,SSP2-4.5,late_2080s,2080-2089,typical,2086,houston_ssp245_late_2080s_typical_2086,/Users/guo/Library/CloudStorage/OneDrive-TheUniversityOfHongKong/Drafts/HPH_Carbon_Entitlement/weather/cmip_selected_years/ssp245/Houston/houston_ssp245_late_2080s_typical_2086.epw,22.645292,52968.132561,36.163264,104,74.031674,nearest_median_CDD18_within_time_slice,False,True,True
United States,Houston,ssp245,SSP2-4.5,late_2080s,2080-2089,hot,2085,houston_ssp245_late_2080s_hot_2085,/Users/guo/Library/CloudStorage/OneDrive-TheUniversityOfHongKong/Drafts/HPH_Carbon_Entitlement/weather/cmip_selected_years/ssp245/Houston/houston_ssp245_late_2080s_hot_2085.epw,23.50112,59495.179019,37.505636,276,74.032064,maximum_CDD18_within_time_slice,False,False,True
United States,Houston,ssp245,SSP2-4.5,late_2080s,2080-2089,heatwave_extreme,2081,houston_ssp245_late_2080s_heatwave_extreme_2081,/Users/guo/Library/CloudStorage/OneDrive-TheUniversityOfHongKong/Drafts/HPH_Carbon_Entitlement/weather/cmip_selected_years/ssp245/Houston/houston_ssp245_late_2080s_heatwave_extreme_2081.epw,22.265508,54808.557669,38.59699,363,74.039843,maximum_hours_temp_ge_35_then_max_temp,False,False,True
United States,Houston,ssp585,SSP5-8.5,baseline_2020s,2025-2029,typical,2025,houston_ssp585_baseline_2020s_typical_2025,/Users/guo/Library/CloudStorage/OneDrive-TheUniversityOfHongKong/Drafts/HPH_Carbon_Entitlement/weather/cmip_selected_years/ssp585/Houston/houston_ssp585_baseline_2020s_typical_2025.epw,21.306139,48976.900791,36.651984,97,73.934033,nearest_median_CDD18_within_time_slice,False,True,True
United States,Houston,ssp585,SSP5-8.5,baseline_2020s,2025-2029,hot,2026,houston_ssp585_baseline_2020s_hot_2026,/Users/guo/Library/CloudStorage/OneDrive-TheUniversityOfHongKong/Drafts/HPH_Carbon_Entitlement/weather/cmip_selected_years/ssp585/Houston/houston_ssp585_baseline_2020s_hot_2026.epw,21.498924,51515.730925,37.109821,50,74.051801,maximum_CDD18_within_time_slice,False,False,True
United States,Houston,ssp585,SSP5-8.5,baseline_2020s,2025-2029,heatwave_extreme,2025,houston_ssp585_baseline_2020s_heatwave_extreme_2025,/Users/guo/Library/CloudStorage/OneDrive-TheUniversityOfHongKong/Drafts/HPH_Carbon_Entitlement/weather/cmip_selected_years/ssp585/Houston/houston_ssp585_baseline_2020s_heatwave_extreme_2025.epw,21.306139,48976.900791,36.651984,97,73.934033,maximum_hours_temp_ge_35_then_max_temp,False,False,True
United States,Houston,ssp585,SSP5-8.5,near_2030s,2030-2039,typical,2038,houston_ssp585_near_2030s_typical_2038,/Users/guo/Library/CloudStorage/OneDrive-TheUniversityOfHongKong/Drafts/HPH_Carbon_Entitlement/weather/cmip_selected_years/ssp585/Houston/houston_ssp585_near_2030s_typical_2038.epw,21.397709,50529.802341,36.461778,61,74.033975,nearest_median_CDD18_within_time_slice,False,True,True
United States,Houston,ssp585,SSP5-8.5,near_2030s,2030-2039,hot,2035,houston_ssp585_near_2030s_hot_2035,/Users/guo/Library/CloudStorage/OneDrive-TheUniversityOfHongKong/Drafts/HPH_Carbon_Entitlement/weather/cmip_selected_years/ssp585/Houston/houston_ssp585_near_2030s_hot_2035.epw,23.35509,55712.890218,36.268063,73,74.038756,maximum_CDD18_within_time_slice,False,False,True
United States,Houston,ssp585,SSP5-8.5,near_2030s,2030-2039,heatwave_extreme,2037,houston_ssp585_near_2030s_heatwave_extreme_2037,/Users/guo/Library/CloudStorage/OneDrive-TheUniversityOfHongKong/Drafts/HPH_Carbon_Entitlement/weather/cmip_selected_years/ssp585/Houston/houston_ssp585_near_2030s_heatwave_extreme_2037.epw,23.133251,54920.728954,37.216136,158,74.046504,maximum_hours_temp_ge_35_then_max_temp,False,False,True
United States,Houston,ssp585,SSP5-8.5,mid_2050s,2050-2059,typical,2055,houston_ssp585_mid_2050s_typical_2055,/Users/guo/Library/CloudStorage/OneDrive-TheUniversityOfHongKong/Drafts/HPH_Carbon_Entitlement/weather/cmip_selected_years/ssp585/Houston/houston_ssp585_mid_2050s_typical_2055.epw,22.476906,53399.664922,36.309401,108,74.017853,nearest_median_CDD18_within_time_slice,False,True,True
United States,Houston,ssp585,SSP5-8.5,mid_2050s,2050-2059,hot,2058,houston_ssp585_mid_2050s_hot_2058,/Users/guo/Library/CloudStorage/OneDrive-TheUniversityOfHongKong/Drafts/HPH_Carbon_Entitlement/weather/cmip_selected_years/ssp585/Houston/houston_ssp585_mid_2050s_hot_2058.epw,22.997088,58012.747999,37.367442,229,74.029557,maximum_CDD18_within_time_slice,False,False,True
United States,Houston,ssp585,SSP5-8.5,mid_2050s,2050-2059,heatwave_extreme,2059,houston_ssp585_mid_2050s_heatwave_extreme_2059,/Users/guo/Library/CloudStorage/OneDrive-TheUniversityOfHongKong/Drafts/HPH_Carbon_Entitlement/weather/cmip_selected_years/ssp585/Houston/houston_ssp585_mid_2050s_heatwave_extreme_2059.epw,22.709335,55983.736241,37.350455,263,74.041194,maximum_hours_temp_ge_35_then_max_temp,False,False,True
United States,Houston,ssp585,SSP5-8.5,late_2080s,2080-2089,typical,2088,houston_ssp585_late_2080s_typical_2088,/Users/guo/Library/CloudStorage/OneDrive-TheUniversityOfHongKong/Drafts/HPH_Carbon_Entitlement/weather/cmip_selected_years/ssp585/Houston/houston_ssp585_late_2080s_typical_2088.epw,24.197236,64961.207128,39.935992,709,74.031558,nearest_median_CDD18_within_time_slice,False,True,True
United States,Houston,ssp585,SSP5-8.5,late_2080s,2080-2089,hot,2080,houston_ssp585_late_2080s_hot_2080,/Users/guo/Library/CloudStorage/OneDrive-TheUniversityOfHongKong/Drafts/HPH_Carbon_Entitlement/weather/cmip_selected_years/ssp585/Houston/houston_ssp585_late_2080s_hot_2080.epw,24.850574,68048.905924,38.571642,656,74.039013,maximum_CDD18_within_time_slice,False,False,True
United States,Houston,ssp585,SSP5-8.5,late_2080s,2080-2089,heatwave_extreme,2086,houston_ssp585_late_2080s_heatwave_extreme_2086,/Users/guo/Library/CloudStorage/OneDrive-TheUniversityOfHongKong/Drafts/HPH_Carbon_Entitlement/weather/cmip_selected_years/ssp585/Houston/houston_ssp585_late_2080s_heatwave_extreme_2086.epw,23.906846,63687.861784,38.656594,725,74.031674,maximum_hours_temp_ge_35_then_max_temp,False,False,True
United States,Phoenix,ssp245,SSP2-4.5,baseline_2020s,2025-2029,typical,2026,phoenix_ssp245_baseline_2020s_typical_2026,/Users/guo/Library/CloudStorage/OneDrive-TheUniversityOfHongKong/Drafts/HPH_Carbon_Entitlement/weather/cmip_selected_years/ssp245/Phoenix/phoenix_ssp245_baseline_2020s_typical_2026.epw,24.539072,71184.114389,44.22628,1335,33.624821,nearest_median_CDD18_within_time_slice,False,True,True
United States,Phoenix,ssp245,SSP2-4.5,baseline_2020s,2025-2029,hot,2028,phoenix_ssp245_baseline_2020s_hot_2028,/Users/guo/Library/CloudStorage/OneDrive-TheUniversityOfHongKong/Drafts/HPH_Carbon_Entitlement/weather/cmip_selected_years/ssp245/Phoenix/phoenix_ssp245_baseline_2020s_hot_2028.epw,25.185899,74823.600944,45.26742,1518,33.696174,maximum_CDD18_within_time_slice,False,False,True
United States,Phoenix,ssp245,SSP2-4.5,baseline_2020s,2025-2029,heatwave_extreme,2025,phoenix_ssp245_baseline_2020s_heatwave_extreme_2025,/Users/guo/Library/CloudStorage/OneDrive-TheUniversityOfHongKong/Drafts/HPH_Carbon_Entitlement/weather/cmip_selected_years/ssp245/Phoenix/phoenix_ssp245_baseline_2020s_heatwave_extreme_2025.epw,24.411948,71605.855553,44.727355,1535,33.49459,maximum_hours_temp_ge_35_then_max_temp,False,False,True
United States,Phoenix,ssp245,SSP2-4.5,near_2030s,2030-2039,typical,2034,phoenix_ssp245_near_2030s_typical_2034,/Users/guo/Library/CloudStorage/OneDrive-TheUniversityOfHongKong/Drafts/HPH_Carbon_Entitlement/weather/cmip_selected_years/ssp245/Phoenix/phoenix_ssp245_near_2030s_typical_2034.epw,25.014287,73921.16468,44.107186,1617,33.648513,nearest_median_CDD18_within_time_slice,False,True,True
United States,Phoenix,ssp245,SSP2-4.5,near_2030s,2030-2039,hot,2039,phoenix_ssp245_near_2030s_hot_2039,/Users/guo/Library/CloudStorage/OneDrive-TheUniversityOfHongKong/Drafts/HPH_Carbon_Entitlement/weather/cmip_selected_years/ssp245/Phoenix/phoenix_ssp245_near_2030s_hot_2039.epw,25.913598,78473.175476,45.838799,1872,33.574899,maximum_CDD18_within_time_slice,False,False,True
United States,Phoenix,ssp245,SSP2-4.5,near_2030s,2030-2039,heatwave_extreme,2039,phoenix_ssp245_near_2030s_heatwave_extreme_2039,/Users/guo/Library/CloudStorage/OneDrive-TheUniversityOfHongKong/Drafts/HPH_Carbon_Entitlement/weather/cmip_selected_years/ssp245/Phoenix/phoenix_ssp245_near_2030s_heatwave_extreme_2039.epw,25.913598,78473.175476,45.838799,1872,33.574899,maximum_hours_temp_ge_35_then_max_temp,False,False,True
United States,Phoenix,ssp245,SSP2-4.5,mid_2050s,2050-2059,typical,2054,phoenix_ssp245_mid_2050s_typical_2054,/Users/guo/Library/CloudStorage/OneDrive-TheUniversityOfHongKong/Drafts/HPH_Carbon_Entitlement/weather/cmip_selected_years/ssp245/Phoenix/phoenix_ssp245_mid_2050s_typical_2054.epw,25.475446,76295.930138,49.096773,1771,33.566478,nearest_median_CDD18_within_time_slice,False,True,True
United States,Phoenix,ssp245,SSP2-4.5,mid_2050s,2050-2059,hot,2058,phoenix_ssp245_mid_2050s_hot_2058,/Users/guo/Library/CloudStorage/OneDrive-TheUniversityOfHongKong/Drafts/HPH_Carbon_Entitlement/weather/cmip_selected_years/ssp245/Phoenix/phoenix_ssp245_mid_2050s_hot_2058.epw,26.193468,79853.399059,45.418481,1921,33.577987,maximum_CDD18_within_time_slice,False,False,True
United States,Phoenix,ssp245,SSP2-4.5,mid_2050s,2050-2059,heatwave_extreme,2051,phoenix_ssp245_mid_2050s_heatwave_extreme_2051,/Users/guo/Library/CloudStorage/OneDrive-TheUniversityOfHongKong/Drafts/HPH_Carbon_Entitlement/weather/cmip_selected_years/ssp245/Phoenix/phoenix_ssp245_mid_2050s_heatwave_extreme_2051.epw,25.948845,79759.73184,48.40026,1945,33.608246,maximum_hours_temp_ge_35_then_max_temp,False,False,True
United States,Phoenix,ssp245,SSP2-4.5,late_2080s,2080-2089,typical,2081,phoenix_ssp245_late_2080s_typical_2081,/Users/guo/Library/CloudStorage/OneDrive-TheUniversityOfHongKong/Drafts/HPH_Carbon_Entitlement/weather/cmip_selected_years/ssp245/Phoenix/phoenix_ssp245_late_2080s_typical_2081.epw,25.969207,79219.739395,46.901102,1870,33.604888,nearest_median_CDD18_within_time_slice,False,True,True
United States,Phoenix,ssp245,SSP2-4.5,late_2080s,2080-2089,hot,2086,phoenix_ssp245_late_2080s_hot_2086,/Users/guo/Library/CloudStorage/OneDrive-TheUniversityOfHongKong/Drafts/HPH_Carbon_Entitlement/weather/cmip_selected_years/ssp245/Phoenix/phoenix_ssp245_late_2080s_hot_2086.epw,27.016198,88651.441811,47.308803,2253,33.601588,maximum_CDD18_within_time_slice,False,False,True
United States,Phoenix,ssp245,SSP2-4.5,late_2080s,2080-2089,heatwave_extreme,2086,phoenix_ssp245_late_2080s_heatwave_extreme_2086,/Users/guo/Library/CloudStorage/OneDrive-TheUniversityOfHongKong/Drafts/HPH_Carbon_Entitlement/weather/cmip_selected_years/ssp245/Phoenix/phoenix_ssp245_late_2080s_heatwave_extreme_2086.epw,27.016198,88651.441811,47.308803,2253,33.601588,maximum_hours_temp_ge_35_then_max_temp,False,False,True
United States,Phoenix,ssp585,SSP5-8.5,baseline_2020s,2025-2029,typical,2029,phoenix_ssp585_baseline_2020s_typical_2029,/Users/guo/Library/CloudStorage/OneDrive-TheUniversityOfHongKong/Drafts/HPH_Carbon_Entitlement/weather/cmip_selected_years/ssp585/Phoenix/phoenix_ssp585_baseline_2020s_typical_2029.epw,25.016553,74420.787043,44.905296,1628,33.556126,nearest_median_CDD18_within_time_slice,False,True,True
United States,Phoenix,ssp585,SSP5-8.5,baseline_2020s,2025-2029,hot,2025,phoenix_ssp585_baseline_2020s_hot_2025,/Users/guo/Library/CloudStorage/OneDrive-TheUniversityOfHongKong/Drafts/HPH_Carbon_Entitlement/weather/cmip_selected_years/ssp585/Phoenix/phoenix_ssp585_baseline_2020s_hot_2025.epw,25.640416,78622.580501,48.569826,1894,33.49459,maximum_CDD18_within_time_slice,False,False,True
United States,Phoenix,ssp585,SSP5-8.5,baseline_2020s,2025-2029,heatwave_extreme,2025,phoenix_ssp585_baseline_2020s_heatwave_extreme_2025,/Users/guo/Library/CloudStorage/OneDrive-TheUniversityOfHongKong/Drafts/HPH_Carbon_Entitlement/weather/cmip_selected_years/ssp585/Phoenix/phoenix_ssp585_baseline_2020s_heatwave_extreme_2025.epw,25.640416,78622.580501,48.569826,1894,33.49459,maximum_hours_temp_ge_35_then_max_temp,False,False,True
United States,Phoenix,ssp585,SSP5-8.5,near_2030s,2030-2039,typical,2034,phoenix_ssp585_near_2030s_typical_2034,/Users/guo/Library/CloudStorage/OneDrive-TheUniversityOfHongKong/Drafts/HPH_Carbon_Entitlement/weather/cmip_selected_years/ssp585/Phoenix/phoenix_ssp585_near_2030s_typical_2034.epw,25.208201,74176.572764,49.303614,1591,33.648513,nearest_median_CDD18_within_time_slice,False,True,True
United States,Phoenix,ssp585,SSP5-8.5,near_2030s,2030-2039,hot,2033,phoenix_ssp585_near_2030s_hot_2033,/Users/guo/Library/CloudStorage/OneDrive-TheUniversityOfHongKong/Drafts/HPH_Carbon_Entitlement/weather/cmip_selected_years/ssp585/Phoenix/phoenix_ssp585_near_2030s_hot_2033.epw,26.034553,80932.709053,46.648872,1953,33.602182,maximum_CDD18_within_time_slice,False,False,True
United States,Phoenix,ssp585,SSP5-8.5,near_2030s,2030-2039,heatwave_extreme,2033,phoenix_ssp585_near_2030s_heatwave_extreme_2033,/Users/guo/Library/CloudStorage/OneDrive-TheUniversityOfHongKong/Drafts/HPH_Carbon_Entitlement/weather/cmip_selected_years/ssp585/Phoenix/phoenix_ssp585_near_2030s_heatwave_extreme_2033.epw,26.034553,80932.709053,46.648872,1953,33.602182,maximum_hours_temp_ge_35_then_max_temp,False,False,True
United States,Phoenix,ssp585,SSP5-8.5,mid_2050s,2050-2059,typical,2050,phoenix_ssp585_mid_2050s_typical_2050,/Users/guo/Library/CloudStorage/OneDrive-TheUniversityOfHongKong/Drafts/HPH_Carbon_Entitlement/weather/cmip_selected_years/ssp585/Phoenix/phoenix_ssp585_mid_2050s_typical_2050.epw,25.588838,76954.190981,46.5043,1889,33.594741,nearest_median_CDD18_within_time_slice,False,True,True
United States,Phoenix,ssp585,SSP5-8.5,mid_2050s,2050-2059,hot,2057,phoenix_ssp585_mid_2050s_hot_2057,/Users/guo/Library/CloudStorage/OneDrive-TheUniversityOfHongKong/Drafts/HPH_Carbon_Entitlement/weather/cmip_selected_years/ssp585/Phoenix/phoenix_ssp585_mid_2050s_hot_2057.epw,27.039852,87912.98681,48.190054,2145,33.606312,maximum_CDD18_within_time_slice,False,False,True
United States,Phoenix,ssp585,SSP5-8.5,mid_2050s,2050-2059,heatwave_extreme,2057,phoenix_ssp585_mid_2050s_heatwave_extreme_2057,/Users/guo/Library/CloudStorage/OneDrive-TheUniversityOfHongKong/Drafts/HPH_Carbon_Entitlement/weather/cmip_selected_years/ssp585/Phoenix/phoenix_ssp585_mid_2050s_heatwave_extreme_2057.epw,27.039852,87912.98681,48.190054,2145,33.606312,maximum_hours_temp_ge_35_then_max_temp,False,False,True
United States,Phoenix,ssp585,SSP5-8.5,late_2080s,2080-2089,typical,2081,phoenix_ssp585_late_2080s_typical_2081,/Users/guo/Library/CloudStorage/OneDrive-TheUniversityOfHongKong/Drafts/HPH_Carbon_Entitlement/weather/cmip_selected_years/ssp585/Phoenix/phoenix_ssp585_late_2080s_typical_2081.epw,28.69478,98388.791575,51.126026,2713,33.604888,nearest_median_CDD18_within_time_slice,False,True,True
United States,Phoenix,ssp585,SSP5-8.5,late_2080s,2080-2089,hot,2089,phoenix_ssp585_late_2080s_hot_2089,/Users/guo/Library/CloudStorage/OneDrive-TheUniversityOfHongKong/Drafts/HPH_Carbon_Entitlement/weather/cmip_selected_years/ssp585/Phoenix/phoenix_ssp585_late_2080s_hot_2089.epw,28.691407,100416.173126,49.815548,2950,33.58935,maximum_CDD18_within_time_slice,False,False,True
United States,Phoenix,ssp585,SSP5-8.5,late_2080s,2080-2089,heatwave_extreme,2085,phoenix_ssp585_late_2080s_heatwave_extreme_2085,/Users/guo/Library/CloudStorage/OneDrive-TheUniversityOfHongKong/Drafts/HPH_Carbon_Entitlement/weather/cmip_selected_years/ssp585/Phoenix/phoenix_ssp585_late_2080s_heatwave_extreme_2085.epw,28.533525,98583.505737,50.015845,2961,33.582353,maximum_hours_temp_ge_35_then_max_temp,False,False,True
